Value,Pixel count,Area (deg²)
0.00242361,972,0.000000000084107704136619200000
0.00646296,959,0.000000000082982806859071800000
0.0242361,960,0.000000000083069337418883100000
0.0288293,958,0.000000000082896276299260400000
0.0501362,90,0.000000000007787750383020290000
0.0837682,957,0.000000000082809745739449100000
0.0947334,852,0.000000000073724036959258800000
0.0977015,959,0.000000000082982806859071800000
0.111553,926,0.000000000080127298385297700000
0.112326,969,0.000000000083848112457185100000
0.119221,950,0.000000000082204031820769800000
0.137891,252,0.000000000021805701072456800000
0.143532,973,0.000000000084194234696430500000
0.188725,968,0.000000000083761581897373800000
0.197657,967,0.000000000083675051337562500000
0.210738,844,0.000000000073031792480768100000
0.22203,961,0.000000000083155867978694500000
0.224588,950,0.000000000082204031820769800000
0.2445,639,0.000000000055293027719444100000
0.272675,971,0.000000000084021173576807800000
0.273768,280,0.000000000024228556747174200000
0.282584,968,0.000000000083761581897373800000
0.286933,971,0.000000000084021173576807800000
0.315717,964,0.000000000083415459658128500000
0.320172,169,0.000000000014623664608115800000
0.347861,965,0.000000000083501990217939800000
0.369376,1,0.000000000000086530559811336600
0.373828,843,0.000000000072945261920956700000
0.454562,973,0.000000000084194234696430500000
0.478259,84,0.000000000007268567024152270000
0.47985,961,0.000000000083155867978694500000
0.51933,933,0.000000000080733012303977000000
0.525501,935,0.000000000080906073423599700000
0.533558,967,0.000000000083675051337562500000
0.552853,10,0.000000000000865305598113366000
0.590875,939,0.000000000081252195662845000000
0.615328,70,0.000000000006057139186793560000
0.636173,242,0.000000000020940395474343400000
0.640872,852,0.000000000073724036959258800000
0.64637,1,0.000000000000086530559811336600
0.664877,926,0.000000000080127298385297700000
0.666399,820,0.000000000070955059045296000000
0.674117,11,0.000000000000951836157924703000
0.715499,1,0.000000000000086530559811336600
0.716313,933,0.000000000080733012303977000000
0.719917,1,0.000000000000086530559811336600
0.722002,939,0.000000000081252195662845000000
0.722744,959,0.000000000082982806859071800000
0.722891,926,0.000000000080127298385297700000
0.742702,1,0.000000000000086530559811336600
0.75736,932,0.000000000080646481744165700000
0.766034,168,0.000000000014537134048304500000
0.767019,973,0.000000000084194234696430500000
0.786231,973,0.000000000084194234696430500000
0.790022,883,0.000000000076406484313410200000
0.810497,10,0.000000000000865305598113366000
0.820527,112,0.000000000009691422698869700000
0.827123,932,0.000000000080646481744165700000
0.838996,962,0.000000000083242398538505800000
0.850127,965,0.000000000083501990217939800000
0.863236,959,0.000000000082982806859071800000
0.867832,1,0.000000000000086530559811336600
0.890173,971,0.000000000084021173576807800000
0.89638,10,0.000000000000865305598113366000
0.920916,930,0.000000000080473420624543000000
0.93087,10,0.000000000000865305598113366000
0.931908,936,0.000000000080992603983411000000
0.947363,4,0.000000000000346122239245346000
0.973552,973,0.000000000084194234696430500000
1.00274,792,0.000000000068532203370578600000
1.01495,22,0.000000000001903672315849400000
1.01953,1,0.000000000000086530559811336600
1.02084,936,0.000000000080992603983411000000
1.02371,11,0.000000000000951836157924703000
1.02523,2,0.000000000000173061119622673000
1.03786,926,0.000000000080127298385297700000
1.04229,10,0.000000000000865305598113366000
1.06078,1,0.000000000000086530559811336600
1.07447,10,0.000000000000865305598113366000
1.08349,926,0.000000000080127298385297700000
1.09549,937,0.000000000081079134543222400000
1.10328,931,0.000000000080559951184354400000
1.11055,98,0.000000000008479994861510990000
1.12521,800,0.000000000069224447849069300000
1.13354,150,0.000000000012979583971700400000
1.14195,939,0.000000000081252195662845000000
1.16226,2,0.000000000000173061119622673000
1.17867,3,0.000000000000259591679434009000
1.18864,928,0.000000000080300359504920300000
1.19177,271,0.000000000023449781708872200000
1.19686,940,0.000000000081338726222656400000
1.20965,58,0.000000000005018772469057520000
1.21966,853,0.000000000073810567519070100000
1.2404,939,0.000000000081252195662845000000
1.24714,805,0.000000000069657100648125900000
1.2564,926,0.000000000080127298385297700000
1.27536,937,0.000000000081079134543222400000
1.30129,939,0.000000000081252195662845000000
1.30229,940,0.000000000081338726222656400000
1.31145,928,0.000000000080300359504920300000
1.31867,933,0.000000000080733012303977000000
1.32757,939,0.000000000081252195662845000000
1.34522,9,0.000000000000778775038302029000
1.3736,968,0.000000000083761581897373800000
1.38388,926,0.000000000080127298385297700000
1.38451,930,0.000000000080473420624543000000
1.38761,234,0.000000000020248150995852700000
1.38981,926,0.000000000080127298385297700000
1.40779,842,0.000000000072858731361145400000
1.40792,1,0.000000000000086530559811336600
1.43599,937,0.000000000081079134543222400000
1.44244,926,0.000000000080127298385297700000
1.44582,939,0.000000000081252195662845000000
1.45976,940,0.000000000081338726222656400000
1.45981,926,0.000000000080127298385297700000
1.48434,925,0.000000000080040767825486300000
1.48902,937,0.000000000081079134543222400000
1.49128,940,0.000000000081338726222656400000
1.49681,10,0.000000000000865305598113366000
1.49867,279,0.000000000024142026187362900000
1.51375,966,0.000000000083588520777751100000
1.54967,11,0.000000000000951836157924703000
1.56526,925,0.000000000080040767825486300000
1.56653,761,0.000000000065849756016427100000
1.58226,937,0.000000000081079134543222400000
1.5913,164,0.000000000014191011809059200000
1.62268,1,0.000000000000086530559811336600
1.62399,1,0.000000000000086530559811336600
1.63756,959,0.000000000082982806859071800000
1.6567,939,0.000000000081252195662845000000
1.68975,973,0.000000000084194234696430500000
1.69116,1,0.000000000000086530559811336600
1.69437,928,0.000000000080300359504920300000
1.7261,965,0.000000000083501990217939800000
1.72924,935,0.000000000080906073423599700000
1.73584,77,0.000000000006662853105472920000
1.75715,924,0.000000000079954237265675000000
1.75832,784,0.000000000067839958892087900000
1.76102,939,0.000000000081252195662845000000
1.76397,964,0.000000000083415459658128500000
1.76615,926,0.000000000080127298385297700000
1.77378,932,0.000000000080646481744165700000
1.80993,1,0.000000000000086530559811336600
1.81068,926,0.000000000080127298385297700000
1.82244,308,0.000000000026651412421891600000
1.82347,1,0.000000000000086530559811336600
1.87412,1,0.000000000000086530559811336600
1.87695,938,0.000000000081165665103033700000
1.87991,924,0.000000000079954237265675000000
1.89598,964,0.000000000083415459658128500000
1.9117,140,0.000000000012114278373587100000
1.9301,1,0.000000000000086530559811336600
1.9351,935,0.000000000080906073423599700000
1.93919,940,0.000000000081338726222656400000
1.94104,929,0.000000000080386890064731700000
1.96842,11,0.000000000000951836157924703000
1.97413,818,0.000000000070781997925673300000
1.98471,970,0.000000000083934643016996500000
2.00548,189,0.000000000016354275804342600000
2.00793,933,0.000000000080733012303977000000
2.01092,10,0.000000000000865305598113366000
2.03369,926,0.000000000080127298385297700000
2.0359,324,0.000000000028035901378873000000
2.03981,1,0.000000000000086530559811336600
2.05232,755,0.000000000065330572657559100000
2.06511,939,0.000000000081252195662845000000
2.07333,926,0.000000000080127298385297700000
2.07374,939,0.000000000081252195662845000000
2.0813,11,0.000000000000951836157924703000
2.08135,931,0.000000000080559951184354400000
2.08256,926,0.000000000080127298385297700000
2.08406,10,0.000000000000865305598113366000
2.09196,938,0.000000000081165665103033700000
2.11461,4,0.000000000000346122239245346000
2.12791,825,0.000000000071387711844352700000
2.1352,961,0.000000000083155867978694500000
2.1388,964,0.000000000083415459658128500000
2.14112,934,0.000000000080819542863788400000
2.17111,933,0.000000000080733012303977000000
2.17565,926,0.000000000080127298385297700000
2.19231,1,0.000000000000086530559811336600
2.20279,939,0.000000000081252195662845000000
2.20715,929,0.000000000080386890064731700000
2.22711,939,0.000000000081252195662845000000
2.24295,929,0.000000000080386890064731700000
2.2459,938,0.000000000081165665103033700000
2.24894,11,0.000000000000951836157924703000
2.25178,926,0.000000000080127298385297700000
2.26865,940,0.000000000081338726222656400000
2.27495,10,0.000000000000865305598113366000
2.27813,1,0.000000000000086530559811336600
2.28381,7,0.000000000000605713918679356000
2.2915,1,0.000000000000086530559811336600
2.30593,126,0.000000000010902850536228400000
2.31493,925,0.000000000080040767825486300000
2.31751,113,0.000000000009777953258681030000
2.35586,961,0.000000000083155867978694500000
2.35855,933,0.000000000080733012303977000000
2.35959,940,0.000000000081338726222656400000
2.35993,935,0.000000000080906073423599700000
2.37121,11,0.000000000000951836157924703000
2.41158,1,0.000000000000086530559811336600
2.41872,1,0.000000000000086530559811336600
2.42294,924,0.000000000079954237265675000000
2.44272,929,0.000000000080386890064731700000
2.45027,924,0.000000000079954237265675000000
2.48118,939,0.000000000081252195662845000000
2.48335,926,0.000000000080127298385297700000
2.49151,940,0.000000000081338726222656400000
2.49222,940,0.000000000081338726222656400000
2.50681,937,0.000000000081079134543222400000
2.5423,1,0.000000000000086530559811336600
2.58199,933,0.000000000080733012303977000000
2.59466,10,0.000000000000865305598113366000
2.59486,935,0.000000000080906073423599700000
2.61463,10,0.000000000000865305598113366000
2.61613,10,0.000000000000865305598113366000
2.61913,1,0.000000000000086530559811336600
2.63262,9,0.000000000000778775038302029000
2.63299,1,0.000000000000086530559811336600
2.65046,932,0.000000000080646481744165700000
2.65334,926,0.000000000080127298385297700000
2.65359,937,0.000000000081079134543222400000
2.66119,924,0.000000000079954237265675000000
2.69409,935,0.000000000080906073423599700000
2.69483,695,0.000000000060138739068878900000
2.6969,932,0.000000000080646481744165700000
2.70283,928,0.000000000080300359504920300000
2.71865,936,0.000000000080992603983411000000
2.72474,939,0.000000000081252195662845000000
2.72701,940,0.000000000081338726222656400000
2.73674,939,0.000000000081252195662845000000
2.73851,1,0.000000000000086530559811336600
2.78625,927,0.000000000080213828945109000000
2.78966,11,0.000000000000951836157924703000
2.79023,939,0.000000000081252195662845000000
2.79345,771,0.000000000066715061614540500000
2.79512,791,0.000000000068445672810767200000
2.8002,932,0.000000000080646481744165700000
2.80406,1,0.000000000000086530559811336600
2.8049,937,0.000000000081079134543222400000
2.80638,930,0.000000000080473420624543000000
2.80929,797,0.000000000068964856169635200000
2.81264,959,0.000000000082982806859071800000
2.8149,11,0.000000000000951836157924703000
2.81575,1,0.000000000000086530559811336600
2.81918,926,0.000000000080127298385297700000
2.82851,11,0.000000000000951836157924703000
2.83371,924,0.000000000079954237265675000000
2.83886,939,0.000000000081252195662845000000
2.84977,926,0.000000000080127298385297700000
2.85066,200,0.000000000017306111962267300000
2.85307,930,0.000000000080473420624543000000
2.86175,926,0.000000000080127298385297700000
2.86583,927,0.000000000080213828945109000000
2.86678,929,0.000000000080386890064731700000
2.87853,962,0.000000000083242398538505800000
2.87893,10,0.000000000000865305598113366000
2.88059,939,0.000000000081252195662845000000
2.88307,10,0.000000000000865305598113366000
2.88895,940,0.000000000081338726222656400000
2.89874,924,0.000000000079954237265675000000
2.9031,11,0.000000000000951836157924703000
2.90531,1,0.000000000000086530559811336600
2.91376,930,0.000000000080473420624543000000
2.94144,1,0.000000000000086530559811336600
2.9481,807,0.000000000069830161767748600000
2.95031,940,0.000000000081338726222656400000
2.97339,924,0.000000000079954237265675000000
2.996,290,0.000000000025093862345287600000
3.00227,939,0.000000000081252195662845000000
3.00392,940,0.000000000081338726222656400000
3.01119,1,0.000000000000086530559811336600
3.01612,1,0.000000000000086530559811336600
3.01647,791,0.000000000068445672810767200000
3.02825,926,0.000000000080127298385297700000
3.02871,939,0.000000000081252195662845000000
3.04045,1,0.000000000000086530559811336600
3.04903,926,0.000000000080127298385297700000
3.05657,11,0.000000000000951836157924703000
3.05883,958,0.000000000082896276299260400000
3.05986,1,0.000000000000086530559811336600
3.0656,940,0.000000000081338726222656400000
3.07129,939,0.000000000081252195662845000000
3.07499,940,0.000000000081338726222656400000
3.09556,5,0.000000000000432652799056683000
3.10034,10,0.000000000000865305598113366000
3.11919,937,0.000000000081079134543222400000
3.1243,935,0.000000000080906073423599700000
3.13661,938,0.000000000081165665103033700000
3.13874,969,0.000000000083848112457185100000
3.15328,10,0.000000000000865305598113366000
3.1547,658,0.000000000056937108355859500000
3.17171,940,0.000000000081338726222656400000
3.17197,939,0.000000000081252195662845000000
3.1784,924,0.000000000079954237265675000000
3.17993,752,0.000000000065070980978125100000
3.18409,935,0.000000000080906073423599700000
3.195,926,0.000000000080127298385297700000
3.19932,940,0.000000000081338726222656400000
3.20164,938,0.000000000081165665103033700000
3.2097,1,0.000000000000086530559811336600
3.21314,1,0.000000000000086530559811336600
3.22321,939,0.000000000081252195662845000000
3.22619,1,0.000000000000086530559811336600
3.22801,672,0.000000000058148536193218200000
3.23009,940,0.000000000081338726222656400000
3.23231,928,0.000000000080300359504920300000
3.23257,1,0.000000000000086530559811336600
3.2331,1865,0.000000000161379494048142000000
3.24119,5,0.000000000000432652799056683000
3.24743,924,0.000000000079954237265675000000
3.24864,940,0.000000000081338726222656400000
3.25012,924,0.000000000079954237265675000000
3.25589,1,0.000000000000086530559811336600
3.28253,929,0.000000000080386890064731700000
3.29019,233,0.000000000020161620436041400000
3.29544,8,0.000000000000692244478490693000
3.30056,939,0.000000000081252195662845000000
3.30313,934,0.000000000080819542863788400000
3.3036,1,0.000000000000086530559811336600
3.30951,925,0.000000000080040767825486300000
3.31006,939,0.000000000081252195662845000000
3.31042,926,0.000000000080127298385297700000
3.31342,10,0.000000000000865305598113366000
3.3217,939,0.000000000081252195662845000000
3.32493,1,0.000000000000086530559811336600
3.33369,924,0.000000000079954237265675000000
3.34699,1,0.000000000000086530559811336600
3.35778,939,0.000000000081252195662845000000
3.3822,307,0.000000000026564881862080300000
3.3839,924,0.000000000079954237265675000000
3.39853,939,0.000000000081252195662845000000
3.4281,4,0.000000000000346122239245346000
3.45641,1,0.000000000000086530559811336600
3.45734,756,0.000000000065417103217370500000
3.4621,924,0.000000000079954237265675000000
3.46638,925,0.000000000080040767825486300000
3.46663,925,0.000000000080040767825486300000
3.4715,926,0.000000000080127298385297700000
3.48583,1,0.000000000000086530559811336600
3.48731,926,0.000000000080127298385297700000
3.49178,934,0.000000000080819542863788400000
3.49231,926,0.000000000080127298385297700000
3.50069,925,0.000000000080040767825486300000
3.50456,940,0.000000000081338726222656400000
3.50621,939,0.000000000081252195662845000000
3.5151,728,0.000000000062994247542653000000
3.51645,926,0.000000000080127298385297700000
3.51857,1,0.000000000000086530559811336600
3.52451,10,0.000000000000865305598113366000
3.52528,10,0.000000000000865305598113366000
3.53212,939,0.000000000081252195662845000000
3.53407,7,0.000000000000605713918679356000
3.5551,4,0.000000000000346122239245346000
3.56598,935,0.000000000080906073423599700000
3.57414,932,0.000000000080646481744165700000
3.57449,928,0.000000000080300359504920300000
3.57619,11,0.000000000000951836157924703000
3.57934,925,0.000000000080040767825486300000
3.57954,931,0.000000000080559951184354400000
3.58333,924,0.000000000079954237265675000000
3.58724,1,0.000000000000086530559811336600
3.59346,940,0.000000000081338726222656400000
3.60238,934,0.000000000080819542863788400000
3.60256,924,0.000000000079954237265675000000
3.60443,10,0.000000000000865305598113366000
3.61512,940,0.000000000081338726222656400000
3.61673,937,0.000000000081079134543222400000
3.62114,924,0.000000000079954237265675000000
3.62457,930,0.000000000080473420624543000000
3.6499,931,0.000000000080559951184354400000
3.66157,926,0.000000000080127298385297700000
3.66358,924,0.000000000079954237265675000000
3.66881,926,0.000000000080127298385297700000
3.66998,924,0.000000000079954237265675000000
3.67093,11,0.000000000000951836157924703000
3.68436,1,0.000000000000086530559811336600
3.68597,924,0.000000000079954237265675000000
3.68635,1,0.000000000000086530559811336600
3.69789,926,0.000000000080127298385297700000
3.7317,935,0.000000000080906073423599700000
3.73246,924,0.000000000079954237265675000000
3.73624,931,0.000000000080559951184354400000
3.73988,715,0.000000000061869350265105600000
3.75004,1,0.000000000000086530559811336600
3.77159,3,0.000000000000259591679434009000
3.77746,293,0.000000000025353454024721600000
3.79775,937,0.000000000081079134543222400000
3.8026,1,0.000000000000086530559811336600
3.80477,939,0.000000000081252195662845000000
3.80898,657,0.000000000056850577796048100000
3.8116,927,0.000000000080213828945109000000
3.81793,927,0.000000000080213828945109000000
3.82096,939,0.000000000081252195662845000000
3.83431,924,0.000000000079954237265675000000
3.8365,924,0.000000000079954237265675000000
3.85795,5,0.000000000000432652799056683000
3.85815,924,0.000000000079954237265675000000
3.8627,940,0.000000000081338726222656400000
3.86306,1,0.000000000000086530559811336600
3.86985,11,0.000000000000951836157924703000
3.87259,939,0.000000000081252195662845000000
3.87324,1,0.000000000000086530559811336600
3.88011,924,0.000000000079954237265675000000
3.8814,939,0.000000000081252195662845000000
3.8859,437,0.000000000037813854637554100000
3.8863,940,0.000000000081338726222656400000
3.88728,932,0.000000000080646481744165700000
3.88973,1,0.000000000000086530559811336600
3.90847,926,0.000000000080127298385297700000
3.91517,939,0.000000000081252195662845000000
3.92612,11,0.000000000000951836157924703000
3.94294,1162,0.000000000100548510500773000000
3.95307,970,0.000000000083934643016996500000
3.95614,1,0.000000000000086530559811336600
3.95989,10,0.000000000000865305598113366000
3.9599,3,0.000000000000259591679434009000
3.96021,930,0.000000000080473420624543000000
4.00428,931,0.000000000080559951184354400000
4.01045,11,0.000000000000951836157924703000
4.01195,933,0.000000000080733012303977000000
4.01491,1,0.000000000000086530559811336600
4.01915,938,0.000000000081165665103033700000
4.01937,940,0.000000000081338726222656400000
4.02244,10,0.000000000000865305598113366000
4.02717,939,0.000000000081252195662845000000
4.0321,8,0.000000000000692244478490693000
4.03556,7,0.000000000000605713918679356000
4.04887,11,0.000000000000951836157924703000
4.05786,928,0.000000000080300359504920300000
4.0607,1,0.000000000000086530559811336600
4.0676,926,0.000000000080127298385297700000
4.06936,926,0.000000000080127298385297700000
4.07474,1,0.000000000000086530559811336600
4.07654,939,0.000000000081252195662845000000
4.07906,1,0.000000000000086530559811336600
4.08135,1,0.000000000000086530559811336600
4.08244,939,0.000000000081252195662845000000
4.0854,938,0.000000000081165665103033700000
4.08788,926,0.000000000080127298385297700000
4.09307,8,0.000000000000692244478490693000
4.09976,931,0.000000000080559951184354400000
4.10099,926,0.000000000080127298385297700000
4.10569,926,0.000000000080127298385297700000
4.10811,1,0.000000000000086530559811336600
4.11125,940,0.000000000081338726222656400000
4.11785,1,0.000000000000086530559811336600
4.11861,938,0.000000000081165665103033700000
4.12364,932,0.000000000080646481744165700000
4.12559,930,0.000000000080473420624543000000
4.13476,11,0.000000000000951836157924703000
4.13738,935,0.000000000080906073423599700000
4.1464,973,0.000000000084194234696430500000
4.14656,1,0.000000000000086530559811336600
4.15061,928,0.000000000080300359504920300000
4.15955,1,0.000000000000086530559811336600
4.16158,937,0.000000000081079134543222400000
4.16258,959,0.000000000082982806859071800000
4.16472,938,0.000000000081165665103033700000
4.16484,9,0.000000000000778775038302029000
4.17768,1,0.000000000000086530559811336600
4.17991,711,0.000000000061523228025860300000
4.18017,940,0.000000000081338726222656400000
4.18094,939,0.000000000081252195662845000000
4.18164,939,0.000000000081252195662845000000
4.18422,10,0.000000000000865305598113366000
4.18756,926,0.000000000080127298385297700000
4.18867,10,0.000000000000865305598113366000
4.18962,924,0.000000000079954237265675000000
4.19169,11,0.000000000000951836157924703000
4.19177,1,0.000000000000086530559811336600
4.2026,939,0.000000000081252195662845000000
4.20286,939,0.000000000081252195662845000000
4.20864,924,0.000000000079954237265675000000
4.2121,936,0.000000000080992603983411000000
4.21823,940,0.000000000081338726222656400000
4.221,1,0.000000000000086530559811336600
4.22315,934,0.000000000080819542863788400000
4.22586,10,0.000000000000865305598113366000
4.2327,938,0.000000000081165665103033700000
4.23493,5,0.000000000000432652799056683000
4.26597,929,0.000000000080386890064731700000
4.26745,940,0.000000000081338726222656400000
4.27113,924,0.000000000079954237265675000000
4.27418,939,0.000000000081252195662845000000
4.27485,933,0.000000000080733012303977000000
4.27632,930,0.000000000080473420624543000000
4.28654,1,0.000000000000086530559811336600
4.2912,939,0.000000000081252195662845000000
4.29303,924,0.000000000079954237265675000000
4.30865,939,0.000000000081252195662845000000
4.31298,933,0.000000000080733012303977000000
4.31344,930,0.000000000080473420624543000000
4.31717,925,0.000000000080040767825486300000
4.31741,938,0.000000000081165665103033700000
4.32086,939,0.000000000081252195662845000000
4.32384,924,0.000000000079954237265675000000
4.32921,930,0.000000000080473420624543000000
4.33036,936,0.000000000080992603983411000000
4.33093,934,0.000000000080819542863788400000
4.33734,930,0.000000000080473420624543000000
4.33901,1,0.000000000000086530559811336600
4.33909,934,0.000000000080819542863788400000
4.33985,10,0.000000000000865305598113366000
4.34217,11,0.000000000000951836157924703000
4.34235,939,0.000000000081252195662845000000
4.34953,924,0.000000000079954237265675000000
4.35012,10,0.000000000000865305598113366000
4.35658,1,0.000000000000086530559811336600
4.35836,1,0.000000000000086530559811336600
4.36837,935,0.000000000080906073423599700000
4.37752,940,0.000000000081338726222656400000
4.38185,10,0.000000000000865305598113366000
4.3823,939,0.000000000081252195662845000000
4.40334,930,0.000000000080473420624543000000
4.40751,939,0.000000000081252195662845000000
4.40753,940,0.000000000081338726222656400000
4.41042,926,0.000000000080127298385297700000
4.42013,928,0.000000000080300359504920300000
4.42318,554,0.000000000047937930135480400000
4.42676,924,0.000000000079954237265675000000
4.42848,932,0.000000000080646481744165700000
4.43752,925,0.000000000080040767825486300000
4.43812,932,0.000000000080646481744165700000
4.44084,931,0.000000000080559951184354400000
4.44787,938,0.000000000081165665103033700000
4.44806,7,0.000000000000605713918679356000
4.44826,926,0.000000000080127298385297700000
4.44881,1,0.000000000000086530559811336600
4.45788,1,0.000000000000086530559811336600
4.45957,10,0.000000000000865305598113366000
4.47222,4,0.000000000000346122239245346000
4.47308,940,0.000000000081338726222656400000
4.47374,936,0.000000000080992603983411000000
4.47388,926,0.000000000080127298385297700000
4.48126,10,0.000000000000865305598113366000
4.48377,1,0.000000000000086530559811336600
4.48878,935,0.000000000080906073423599700000
4.49081,926,0.000000000080127298385297700000
4.49573,936,0.000000000080992603983411000000
4.4964,448,0.000000000038765690795478800000
4.50056,1,0.000000000000086530559811336600
4.50253,926,0.000000000080127298385297700000
4.50335,924,0.000000000079954237265675000000
4.50738,924,0.000000000079954237265675000000
4.51452,1,0.000000000000086530559811336600
4.51702,924,0.000000000079954237265675000000
4.52197,933,0.000000000080733012303977000000
4.52896,927,0.000000000080213828945109000000
4.53823,963,0.000000000083328929098317100000
4.54024,940,0.000000000081338726222656400000
4.54399,933,0.000000000080733012303977000000
4.54475,10,0.000000000000865305598113366000
4.54646,940,0.000000000081338726222656400000
4.54695,893,0.000000000077271789911523600000
4.55073,3,0.000000000000259591679434009000
4.55117,11,0.000000000000951836157924703000
4.55498,738,0.000000000063859553140766400000
4.55682,1,0.000000000000086530559811336600
4.5578,939,0.000000000081252195662845000000
4.55966,932,0.000000000080646481744165700000
4.56905,939,0.000000000081252195662845000000
4.57257,927,0.000000000080213828945109000000
4.57461,8,0.000000000000692244478490693000
4.57693,1,0.000000000000086530559811336600
4.57713,930,0.000000000080473420624543000000
4.57914,933,0.000000000080733012303977000000
4.58484,1,0.000000000000086530559811336600
4.58554,1,0.000000000000086530559811336600
4.58772,926,0.000000000080127298385297700000
4.58999,933,0.000000000080733012303977000000
4.59223,10,0.000000000000865305598113366000
4.59247,931,0.000000000080559951184354400000
4.59726,926,0.000000000080127298385297700000
4.59932,9,0.000000000000778775038302029000
4.59939,938,0.000000000081165665103033700000
4.60418,929,0.000000000080386890064731700000
4.60483,939,0.000000000081252195662845000000
4.60557,924,0.000000000079954237265675000000
4.60604,11,0.000000000000951836157924703000
4.61483,931,0.000000000080559951184354400000
4.62637,7,0.000000000000605713918679356000
4.62656,11,0.000000000000951836157924703000
4.62846,938,0.000000000081165665103033700000
4.62862,454,0.000000000039284874154346800000
4.63147,11,0.000000000000951836157924703000
4.63224,10,0.000000000000865305598113366000
4.63319,1,0.000000000000086530559811336600
4.63387,924,0.000000000079954237265675000000
4.63494,1,0.000000000000086530559811336600
4.63528,933,0.000000000080733012303977000000
4.63655,939,0.000000000081252195662845000000
4.64094,925,0.000000000080040767825486300000
4.6416,939,0.000000000081252195662845000000
4.64362,6,0.000000000000519183358868019000
4.6454,1,0.000000000000086530559811336600
4.65052,926,0.000000000080127298385297700000
4.65082,1,0.000000000000086530559811336600
4.65326,1,0.000000000000086530559811336600
4.66543,936,0.000000000080992603983411000000
4.66599,938,0.000000000081165665103033700000
4.67558,940,0.000000000081338726222656400000
4.67755,890,0.000000000077012198232089600000
4.68219,936,0.000000000080992603983411000000
4.68743,8,0.000000000000692244478490693000
4.68942,926,0.000000000080127298385297700000
4.69242,931,0.000000000080559951184354400000
4.70072,1,0.000000000000086530559811336600
4.70666,931,0.000000000080559951184354400000
4.71342,926,0.000000000080127298385297700000
4.72173,939,0.000000000081252195662845000000
4.72356,10,0.000000000000865305598113366000
4.72554,928,0.000000000080300359504920300000
4.73051,934,0.000000000080819542863788400000
4.73494,1,0.000000000000086530559811336600
4.73636,1,0.000000000000086530559811336600
4.74068,931,0.000000000080559951184354400000
4.74135,937,0.000000000081079134543222400000
4.74497,939,0.000000000081252195662845000000
4.75769,940,0.000000000081338726222656400000
4.75881,930,0.000000000080473420624543000000
4.76139,926,0.000000000080127298385297700000
4.76301,938,0.000000000081165665103033700000
4.76737,926,0.000000000080127298385297700000
4.76741,925,0.000000000080040767825486300000
4.76761,939,0.000000000081252195662845000000
4.76853,940,0.000000000081338726222656400000
4.7802,940,0.000000000081338726222656400000
4.78645,924,0.000000000079954237265675000000
4.78769,928,0.000000000080300359504920300000
4.79111,762,0.000000000065936286576238500000
4.79163,938,0.000000000081165665103033700000
4.79731,10,0.000000000000865305598113366000
4.80049,939,0.000000000081252195662845000000
4.80179,933,0.000000000080733012303977000000
4.80209,934,0.000000000080819542863788400000
4.8041,939,0.000000000081252195662845000000
4.8055,934,0.000000000080819542863788400000
4.8058,925,0.000000000080040767825486300000
4.81329,935,0.000000000080906073423599700000
4.81372,936,0.000000000080992603983411000000
4.81532,933,0.000000000080733012303977000000
4.81545,11,0.000000000000951836157924703000
4.81715,939,0.000000000081252195662845000000
4.8208,1,0.000000000000086530559811336600
4.82102,939,0.000000000081252195662845000000
4.82164,939,0.000000000081252195662845000000
4.82875,8,0.000000000000692244478490693000
4.82916,10,0.000000000000865305598113366000
4.8442,924,0.000000000079954237265675000000
4.84501,940,0.000000000081338726222656400000
4.84507,924,0.000000000079954237265675000000
4.85023,1,0.000000000000086530559811336600
4.85282,939,0.000000000081252195662845000000
4.85309,1,0.000000000000086530559811336600
4.85422,928,0.000000000080300359504920300000
4.85542,931,0.000000000080559951184354400000
4.85843,938,0.000000000081165665103033700000
4.85948,937,0.000000000081079134543222400000
4.86262,1,0.000000000000086530559811336600
4.87105,1,0.000000000000086530559811336600
4.87336,11,0.000000000000951836157924703000
4.8793,1,0.000000000000086530559811336600
4.88185,938,0.000000000081165665103033700000
4.88196,924,0.000000000079954237265675000000
4.88209,924,0.000000000079954237265675000000
4.89435,10,0.000000000000865305598113366000
4.90685,940,0.000000000081338726222656400000
4.91794,1,0.000000000000086530559811336600
4.91891,7,0.000000000000605713918679356000
4.92093,5,0.000000000000432652799056683000
4.92129,938,0.000000000081165665103033700000
4.92289,940,0.000000000081338726222656400000
4.92564,313,0.000000000027084065220948300000
4.93384,1,0.000000000000086530559811336600
4.93454,938,0.000000000081165665103033700000
4.93796,1,0.000000000000086530559811336600
4.94062,926,0.000000000080127298385297700000
4.9479,939,0.000000000081252195662845000000
4.95211,939,0.000000000081252195662845000000
4.95804,939,0.000000000081252195662845000000
4.98012,10,0.000000000000865305598113366000
4.98018,1,0.000000000000086530559811336600
4.98599,938,0.000000000081165665103033700000
4.98651,940,0.000000000081338726222656400000
4.99331,11,0.000000000000951836157924703000
4.9953,926,0.000000000080127298385297700000
4.99785,10,0.000000000000865305598113366000
4.99862,926,0.000000000080127298385297700000
5.00516,11,0.000000000000951836157924703000
5.00818,1,0.000000000000086530559811336600
5.0159,924,0.000000000079954237265675000000
5.02549,934,0.000000000080819542863788400000
5.02926,924,0.000000000079954237265675000000
5.03212,7,0.000000000000605713918679356000
5.03291,926,0.000000000080127298385297700000
5.03437,938,0.000000000081165665103033700000
5.03546,2,0.000000000000173061119622673000
5.0402,937,0.000000000081079134543222400000
5.0416,935,0.000000000080906073423599700000
5.04407,926,0.000000000080127298385297700000
5.04857,933,0.000000000080733012303977000000
5.04889,1,0.000000000000086530559811336600
5.05049,934,0.000000000080819542863788400000
5.05228,939,0.000000000081252195662845000000
5.05323,924,0.000000000079954237265675000000
5.0572,939,0.000000000081252195662845000000
5.05727,924,0.000000000079954237265675000000
5.06023,926,0.000000000080127298385297700000
5.06638,925,0.000000000080040767825486300000
5.06696,939,0.000000000081252195662845000000
5.06811,929,0.000000000080386890064731700000
5.06842,939,0.000000000081252195662845000000
5.08604,8,0.000000000000692244478490693000
5.09347,940,0.000000000081338726222656400000
5.09452,929,0.000000000080386890064731700000
5.09502,2,0.000000000000173061119622673000
5.09632,940,0.000000000081338726222656400000
5.10197,926,0.000000000080127298385297700000
5.10309,10,0.000000000000865305598113366000
5.1041,939,0.000000000081252195662845000000
5.10517,7,0.000000000000605713918679356000
5.1063,1,0.000000000000086530559811336600
5.10818,932,0.000000000080646481744165700000
5.11153,924,0.000000000079954237265675000000
5.11272,926,0.000000000080127298385297700000
5.11308,934,0.000000000080819542863788400000
5.11544,940,0.000000000081338726222656400000
5.11727,1,0.000000000000086530559811336600
5.12055,924,0.000000000079954237265675000000
5.12089,438,0.000000000037900385197365400000
5.12228,924,0.000000000079954237265675000000
5.12257,926,0.000000000080127298385297700000
5.12525,11,0.000000000000951836157924703000
5.13203,1,0.000000000000086530559811336600
5.13525,924,0.000000000079954237265675000000
5.13783,10,0.000000000000865305598113366000
5.13861,924,0.000000000079954237265675000000
5.13913,938,0.000000000081165665103033700000
5.14209,11,0.000000000000951836157924703000
5.1484,929,0.000000000080386890064731700000
5.15394,938,0.000000000081165665103033700000
5.15428,1,0.000000000000086530559811336600
5.16017,934,0.000000000080819542863788400000
5.1618,707,0.000000000061177105786615000000
5.16251,1,0.000000000000086530559811336600
5.16408,924,0.000000000079954237265675000000
5.16795,925,0.000000000080040767825486300000
5.16953,932,0.000000000080646481744165700000
5.17134,939,0.000000000081252195662845000000
5.17778,928,0.000000000080300359504920300000
5.18118,11,0.000000000000951836157924703000
5.19233,4,0.000000000000346122239245346000
5.1977,10,0.000000000000865305598113366000
5.20987,938,0.000000000081165665103033700000
5.21104,926,0.000000000080127298385297700000
5.22418,927,0.000000000080213828945109000000
5.24076,934,0.000000000080819542863788400000
5.24094,940,0.000000000081338726222656400000
5.24523,938,0.000000000081165665103033700000
5.24685,1,0.000000000000086530559811336600
5.25241,1,0.000000000000086530559811336600
5.2528,925,0.000000000080040767825486300000
5.25641,938,0.000000000081165665103033700000
5.25956,924,0.000000000079954237265675000000
5.26354,924,0.000000000079954237265675000000
5.26599,926,0.000000000080127298385297700000
5.26636,3,0.000000000000259591679434009000
5.27055,924,0.000000000079954237265675000000
5.27316,940,0.000000000081338726222656400000
5.27324,10,0.000000000000865305598113366000
5.27497,926,0.000000000080127298385297700000
5.27677,940,0.000000000081338726222656400000
5.27889,935,0.000000000080906073423599700000
5.28016,939,0.000000000081252195662845000000
5.28202,930,0.000000000080473420624543000000
5.28266,940,0.000000000081338726222656400000
5.28281,924,0.000000000079954237265675000000
5.28491,10,0.000000000000865305598113366000
5.28785,462,0.000000000039977118632837500000
5.29344,939,0.000000000081252195662845000000
5.29696,1,0.000000000000086530559811336600
5.29817,928,0.000000000080300359504920300000
5.30165,11,0.000000000000951836157924703000
5.30719,924,0.000000000079954237265675000000
5.30798,927,0.000000000080213828945109000000
5.31067,10,0.000000000000865305598113366000
5.31175,939,0.000000000081252195662845000000
5.31234,924,0.000000000079954237265675000000
5.31372,926,0.000000000080127298385297700000
5.3193,11,0.000000000000951836157924703000
5.32016,932,0.000000000080646481744165700000
5.32059,939,0.000000000081252195662845000000
5.32656,936,0.000000000080992603983411000000
5.32656,10,0.000000000000865305598113366000
5.33116,939,0.000000000081252195662845000000
5.33142,940,0.000000000081338726222656400000
5.33351,4,0.000000000000346122239245346000
5.33624,1,0.000000000000086530559811336600
5.33892,938,0.000000000081165665103033700000
5.34002,961,0.000000000083155867978694500000
5.34143,924,0.000000000079954237265675000000
5.35067,924,0.000000000079954237265675000000
5.35132,1,0.000000000000086530559811336600
5.35259,1,0.000000000000086530559811336600
5.35953,937,0.000000000081079134543222400000
5.36231,924,0.000000000079954237265675000000
5.37563,1,0.000000000000086530559811336600
5.37647,4,0.000000000000346122239245346000
5.38882,10,0.000000000000865305598113366000
5.39097,4,0.000000000000346122239245346000
5.39604,924,0.000000000079954237265675000000
5.39793,925,0.000000000080040767825486300000
5.39925,931,0.000000000080559951184354400000
5.40691,10,0.000000000000865305598113366000
5.40695,935,0.000000000080906073423599700000
5.41167,940,0.000000000081338726222656400000
5.41266,9,0.000000000000778775038302029000
5.41327,939,0.000000000081252195662845000000
5.41613,924,0.000000000079954237265675000000
5.41805,938,0.000000000081165665103033700000
5.42073,924,0.000000000079954237265675000000
5.42101,926,0.000000000080127298385297700000
5.42207,1,0.000000000000086530559811336600
5.4233,939,0.000000000081252195662845000000
5.42443,1,0.000000000000086530559811336600
5.42656,1,0.000000000000086530559811336600
5.42991,936,0.000000000080992603983411000000
5.4402,926,0.000000000080127298385297700000
5.44072,740,0.000000000064032614260389100000
5.4457,1,0.000000000000086530559811336600
5.44712,940,0.000000000081338726222656400000
5.44985,926,0.000000000080127298385297700000
5.45094,1,0.000000000000086530559811336600
5.45197,1,0.000000000000086530559811336600
5.45252,928,0.000000000080300359504920300000
5.46031,1,0.000000000000086530559811336600
5.46181,924,0.000000000079954237265675000000
5.46391,4,0.000000000000346122239245346000
5.46572,924,0.000000000079954237265675000000
5.47526,939,0.000000000081252195662845000000
5.4781,3,0.000000000000259591679434009000
5.47843,926,0.000000000080127298385297700000
5.4788,1,0.000000000000086530559811336600
5.48679,937,0.000000000081079134543222400000
5.4881,939,0.000000000081252195662845000000
5.48957,8,0.000000000000692244478490693000
5.49026,927,0.000000000080213828945109000000
5.49563,939,0.000000000081252195662845000000
5.50025,936,0.000000000080992603983411000000
5.50104,4,0.000000000000346122239245346000
5.50178,926,0.000000000080127298385297700000
5.50216,1,0.000000000000086530559811336600
5.50284,931,0.000000000080559951184354400000
5.50429,933,0.000000000080733012303977000000
5.50715,939,0.000000000081252195662845000000
5.50725,938,0.000000000081165665103033700000
5.51048,925,0.000000000080040767825486300000
5.51358,926,0.000000000080127298385297700000
5.51398,940,0.000000000081338726222656400000
5.51439,11,0.000000000000951836157924703000
5.5168,296,0.000000000025613045704155600000
5.52063,1,0.000000000000086530559811336600
5.52545,939,0.000000000081252195662845000000
5.53114,940,0.000000000081338726222656400000
5.53224,938,0.000000000081165665103033700000
5.53527,940,0.000000000081338726222656400000
5.53601,1,0.000000000000086530559811336600
5.54203,933,0.000000000080733012303977000000
5.54277,939,0.000000000081252195662845000000
5.54423,1,0.000000000000086530559811336600
5.54672,925,0.000000000080040767825486300000
5.54903,933,0.000000000080733012303977000000
5.54913,2,0.000000000000173061119622673000
5.55019,1,0.000000000000086530559811336600
5.55411,933,0.000000000080733012303977000000
5.55719,929,0.000000000080386890064731700000
5.55981,940,0.000000000081338726222656400000
5.56188,931,0.000000000080559951184354400000
5.563,939,0.000000000081252195662845000000
5.56497,925,0.000000000080040767825486300000
5.56651,940,0.000000000081338726222656400000
5.56858,938,0.000000000081165665103033700000
5.56909,926,0.000000000080127298385297700000
5.56935,925,0.000000000080040767825486300000
5.5709,938,0.000000000081165665103033700000
5.57095,931,0.000000000080559951184354400000
5.57171,3,0.000000000000259591679434009000
5.57269,924,0.000000000079954237265675000000
5.57657,10,0.000000000000865305598113366000
5.57822,1,0.000000000000086530559811336600
5.58333,924,0.000000000079954237265675000000
5.58379,10,0.000000000000865305598113366000
5.58634,940,0.000000000081338726222656400000
5.58817,926,0.000000000080127298385297700000
5.5924,934,0.000000000080819542863788400000
5.59255,932,0.000000000080646481744165700000
5.59421,1,0.000000000000086530559811336600
5.59817,1,0.000000000000086530559811336600
5.599,924,0.000000000079954237265675000000
5.61054,940,0.000000000081338726222656400000
5.61709,11,0.000000000000951836157924703000
5.61756,935,0.000000000080906073423599700000
5.61793,939,0.000000000081252195662845000000
5.6191,939,0.000000000081252195662845000000
5.62423,11,0.000000000000951836157924703000
5.62736,926,0.000000000080127298385297700000
5.63032,933,0.000000000080733012303977000000
5.63045,937,0.000000000081079134543222400000
5.63064,924,0.000000000079954237265675000000
5.63382,926,0.000000000080127298385297700000
5.63391,925,0.000000000080040767825486300000
5.6345,924,0.000000000079954237265675000000
5.63626,924,0.000000000079954237265675000000
5.63974,8,0.000000000000692244478490693000
5.64199,1,0.000000000000086530559811336600
5.64944,926,0.000000000080127298385297700000
5.65259,926,0.000000000080127298385297700000
5.65261,939,0.000000000081252195662845000000
5.66694,926,0.000000000080127298385297700000
5.67312,929,0.000000000080386890064731700000
5.67386,10,0.000000000000865305598113366000
5.67752,939,0.000000000081252195662845000000
5.68202,10,0.000000000000865305598113366000
5.68408,1,0.000000000000086530559811336600
5.68471,4,0.000000000000346122239245346000
5.6884,1,0.000000000000086530559811336600
5.68936,1,0.000000000000086530559811336600
5.68944,926,0.000000000080127298385297700000
5.68994,937,0.000000000081079134543222400000
5.69128,935,0.000000000080906073423599700000
5.69414,939,0.000000000081252195662845000000
5.69489,939,0.000000000081252195662845000000
5.69923,924,0.000000000079954237265675000000
5.70156,928,0.000000000080300359504920300000
5.70354,938,0.000000000081165665103033700000
5.7075,933,0.000000000080733012303977000000
5.70847,1,0.000000000000086530559811336600
5.71525,926,0.000000000080127298385297700000
5.71732,933,0.000000000080733012303977000000
5.71835,931,0.000000000080559951184354400000
5.71863,926,0.000000000080127298385297700000
5.72036,939,0.000000000081252195662845000000
5.7217,926,0.000000000080127298385297700000
5.72382,924,0.000000000079954237265675000000
5.72452,940,0.000000000081338726222656400000
5.72724,929,0.000000000080386890064731700000
5.73319,937,0.000000000081079134543222400000
5.73494,10,0.000000000000865305598113366000
5.73562,928,0.000000000080300359504920300000
5.73742,939,0.000000000081252195662845000000
5.7375,1,0.000000000000086530559811336600
5.74557,1,0.000000000000086530559811336600
5.74856,933,0.000000000080733012303977000000
5.74877,926,0.000000000080127298385297700000
5.75078,1,0.000000000000086530559811336600
5.75109,10,0.000000000000865305598113366000
5.75338,2,0.000000000000173061119622673000
5.75392,930,0.000000000080473420624543000000
5.75623,930,0.000000000080473420624543000000
5.75845,926,0.000000000080127298385297700000
5.76398,927,0.000000000080213828945109000000
5.7655,938,0.000000000081165665103033700000
5.76685,938,0.000000000081165665103033700000
5.769,935,0.000000000080906073423599700000
5.77206,9,0.000000000000778775038302029000
5.77223,928,0.000000000080300359504920300000
5.77428,939,0.000000000081252195662845000000
5.77469,1,0.000000000000086530559811336600
5.77686,940,0.000000000081338726222656400000
5.77729,927,0.000000000080213828945109000000
5.77738,927,0.000000000080213828945109000000
5.7775,1,0.000000000000086530559811336600
5.77802,7,0.000000000000605713918679356000
5.78058,5,0.000000000000432652799056683000
5.78228,940,0.000000000081338726222656400000
5.78393,933,0.000000000080733012303977000000
5.78421,10,0.000000000000865305598113366000
5.78467,924,0.000000000079954237265675000000
5.7869,940,0.000000000081338726222656400000
5.78962,10,0.000000000000865305598113366000
5.78962,1848,0.000000000159908474531350000000
5.79041,11,0.000000000000951836157924703000
5.79588,1,0.000000000000086530559811336600
5.80568,6,0.000000000000519183358868019000
5.80625,924,0.000000000079954237265675000000
5.80831,939,0.000000000081252195662845000000
5.81063,939,0.000000000081252195662845000000
5.81129,930,0.000000000080473420624543000000
5.81188,1,0.000000000000086530559811336600
5.81218,940,0.000000000081338726222656400000
5.8127,926,0.000000000080127298385297700000
5.81476,937,0.000000000081079134543222400000
5.81547,10,0.000000000000865305598113366000
5.81559,924,0.000000000079954237265675000000
5.81732,939,0.000000000081252195662845000000
5.81734,939,0.000000000081252195662845000000
5.81772,11,0.000000000000951836157924703000
5.81806,939,0.000000000081252195662845000000
5.81979,940,0.000000000081338726222656400000
5.82128,926,0.000000000080127298385297700000
5.82232,924,0.000000000079954237265675000000
5.82338,2,0.000000000000173061119622673000
5.82895,935,0.000000000080906073423599700000
5.8328,940,0.000000000081338726222656400000
5.83282,924,0.000000000079954237265675000000
5.83309,938,0.000000000081165665103033700000
5.83547,1,0.000000000000086530559811336600
5.83847,939,0.000000000081252195662845000000
5.83929,939,0.000000000081252195662845000000
5.84131,927,0.000000000080213828945109000000
5.84389,928,0.000000000080300359504920300000
5.84672,926,0.000000000080127298385297700000
5.84676,10,0.000000000000865305598113366000
5.84737,10,0.000000000000865305598113366000
5.8475,925,0.000000000080040767825486300000
5.84853,934,0.000000000080819542863788400000
5.85136,938,0.000000000081165665103033700000
5.85188,936,0.000000000080992603983411000000
5.85221,926,0.000000000080127298385297700000
5.85356,932,0.000000000080646481744165700000
5.85437,932,0.000000000080646481744165700000
5.85832,924,0.000000000079954237265675000000
5.85986,924,0.000000000079954237265675000000
5.86219,937,0.000000000081079134543222400000
5.86399,930,0.000000000080473420624543000000
5.86407,924,0.000000000079954237265675000000
5.86595,924,0.000000000079954237265675000000
5.86729,936,0.000000000080992603983411000000
5.87276,1,0.000000000000086530559811336600
5.87372,924,0.000000000079954237265675000000
5.87645,924,0.000000000079954237265675000000
5.87941,940,0.000000000081338726222656400000
5.88188,937,0.000000000081079134543222400000
5.88281,924,0.000000000079954237265675000000
5.88363,938,0.000000000081165665103033700000
5.88662,934,0.000000000080819542863788400000
5.88707,926,0.000000000080127298385297700000
5.89072,927,0.000000000080213828945109000000
5.89152,939,0.000000000081252195662845000000
5.89251,930,0.000000000080473420624543000000
5.89519,926,0.000000000080127298385297700000
5.90447,1,0.000000000000086530559811336600
5.90513,940,0.000000000081338726222656400000
5.90612,939,0.000000000081252195662845000000
5.91024,10,0.000000000000865305598113366000
5.91065,940,0.000000000081338726222656400000
5.91307,926,0.000000000080127298385297700000
5.91354,934,0.000000000080819542863788400000
5.91627,929,0.000000000080386890064731700000
5.91813,2,0.000000000000173061119622673000
5.92115,926,0.000000000080127298385297700000
5.92225,929,0.000000000080386890064731700000
5.92578,1,0.000000000000086530559811336600
5.92835,1,0.000000000000086530559811336600
5.92914,1,0.000000000000086530559811336600
5.92937,940,0.000000000081338726222656400000
5.93327,938,0.000000000081165665103033700000
5.9358,8,0.000000000000692244478490693000
5.93746,1,0.000000000000086530559811336600
5.93785,936,0.000000000080992603983411000000
5.93798,935,0.000000000080906073423599700000
5.93919,933,0.000000000080733012303977000000
5.93978,926,0.000000000080127298385297700000
5.94107,939,0.000000000081252195662845000000
5.94135,936,0.000000000080992603983411000000
5.94159,924,0.000000000079954237265675000000
5.94272,938,0.000000000081165665103033700000
5.94347,1,0.000000000000086530559811336600
5.94713,938,0.000000000081165665103033700000
5.94736,1,0.000000000000086530559811336600
5.94906,925,0.000000000080040767825486300000
5.95122,1,0.000000000000086530559811336600
5.95204,1,0.000000000000086530559811336600
5.96505,939,0.000000000081252195662845000000
5.96522,1,0.000000000000086530559811336600
5.96633,924,0.000000000079954237265675000000
5.96659,10,0.000000000000865305598113366000
5.96693,939,0.000000000081252195662845000000
5.96736,926,0.000000000080127298385297700000
5.96882,925,0.000000000080040767825486300000
5.97121,926,0.000000000080127298385297700000
5.97689,939,0.000000000081252195662845000000
5.98283,930,0.000000000080473420624543000000
5.98304,939,0.000000000081252195662845000000
5.98453,939,0.000000000081252195662845000000
5.98794,927,0.000000000080213828945109000000
5.99804,939,0.000000000081252195662845000000
6.00153,8,0.000000000000692244478490693000
6.00165,927,0.000000000080213828945109000000
6.0032,925,0.000000000080040767825486300000
6.00448,940,0.000000000081338726222656400000
6.00975,939,0.000000000081252195662845000000
6.01634,932,0.000000000080646481744165700000
6.01892,929,0.000000000080386890064731700000
6.02286,940,0.000000000081338726222656400000
6.02303,1,0.000000000000086530559811336600
6.0233,924,0.000000000079954237265675000000
6.02792,4,0.000000000000346122239245346000
6.03573,924,0.000000000079954237265675000000
6.03645,926,0.000000000080127298385297700000
6.03654,11,0.000000000000951836157924703000
6.03671,926,0.000000000080127298385297700000
6.03915,3,0.000000000000259591679434009000
6.0398,938,0.000000000081165665103033700000
6.04006,938,0.000000000081165665103033700000
6.04032,925,0.000000000080040767825486300000
6.04341,940,0.000000000081338726222656400000
6.04717,5,0.000000000000432652799056683000
6.04781,1,0.000000000000086530559811336600
6.05113,1,0.000000000000086530559811336600
6.05114,938,0.000000000081165665103033700000
6.05217,7,0.000000000000605713918679356000
6.05346,926,0.000000000080127298385297700000
6.05501,934,0.000000000080819542863788400000
6.05578,924,0.000000000079954237265675000000
6.05733,1,0.000000000000086530559811336600
6.05991,939,0.000000000081252195662845000000
6.06118,939,0.000000000081252195662845000000
6.06172,928,0.000000000080300359504920300000
6.06764,1880,0.000000000162677452445312000000
6.06887,926,0.000000000080127298385297700000
6.0697,1,0.000000000000086530559811336600
6.07073,10,0.000000000000865305598113366000
6.07102,10,0.000000000000865305598113366000
6.07141,927,0.000000000080213828945109000000
6.07177,940,0.000000000081338726222656400000
6.07357,939,0.000000000081252195662845000000
6.07383,939,0.000000000081252195662845000000
6.07422,924,0.000000000079954237265675000000
6.07537,926,0.000000000080127298385297700000
6.07645,939,0.000000000081252195662845000000
6.08027,937,0.000000000081079134543222400000
6.0813,935,0.000000000080906073423599700000
6.08434,939,0.000000000081252195662845000000
6.08825,10,0.000000000000865305598113366000
6.08839,6,0.000000000000519183358868019000
6.08973,938,0.000000000081165665103033700000
6.08981,940,0.000000000081338726222656400000
6.09006,926,0.000000000080127298385297700000
6.09651,924,0.000000000079954237265675000000
6.09754,928,0.000000000080300359504920300000
6.10321,939,0.000000000081252195662845000000
6.10427,937,0.000000000081079134543222400000
6.10602,10,0.000000000000865305598113366000
6.10605,1,0.000000000000086530559811336600
6.10642,940,0.000000000081338726222656400000
6.10885,940,0.000000000081338726222656400000
6.11358,11,0.000000000000951836157924703000
6.11639,926,0.000000000080127298385297700000
6.11693,931,0.000000000080559951184354400000
6.1216,1,0.000000000000086530559811336600
6.12229,5,0.000000000000432652799056683000
6.12332,939,0.000000000081252195662845000000
6.12435,926,0.000000000080127298385297700000
6.13102,1,0.000000000000086530559811336600
6.13174,928,0.000000000080300359504920300000
6.13428,4,0.000000000000346122239245346000
6.13548,932,0.000000000080646481744165700000
6.13737,6,0.000000000000519183358868019000
6.13955,940,0.000000000081338726222656400000
6.14385,924,0.000000000079954237265675000000
6.14412,926,0.000000000080127298385297700000
6.14416,939,0.000000000081252195662845000000
6.14446,936,0.000000000080992603983411000000
6.14562,3,0.000000000000259591679434009000
6.15168,8,0.000000000000692244478490693000
6.16079,1,0.000000000000086530559811336600
6.16774,933,0.000000000080733012303977000000
6.1705,939,0.000000000081252195662845000000
6.179,939,0.000000000081252195662845000000
6.18287,939,0.000000000081252195662845000000
6.18371,939,0.000000000081252195662845000000
6.18561,1,0.000000000000086530559811336600
6.18667,948,0.000000000082030970701147100000
6.1888,940,0.000000000081338726222656400000
6.19556,937,0.000000000081079134543222400000
6.1996,926,0.000000000080127298385297700000
6.19987,931,0.000000000080559951184354400000
6.20337,1,0.000000000000086530559811336600
6.20946,925,0.000000000080040767825486300000
6.20973,926,0.000000000080127298385297700000
6.21279,940,0.000000000081338726222656400000
6.2136,940,0.000000000081338726222656400000
6.21441,938,0.000000000081165665103033700000
6.21468,924,0.000000000079954237265675000000
6.21698,1,0.000000000000086530559811336600
6.21767,926,0.000000000080127298385297700000
6.21908,1,0.000000000000086530559811336600
6.22496,937,0.000000000081079134543222400000
6.22515,938,0.000000000081165665103033700000
6.22653,938,0.000000000081165665103033700000
6.22695,928,0.000000000080300359504920300000
6.22976,926,0.000000000080127298385297700000
6.22989,11,0.000000000000951836157924703000
6.23133,926,0.000000000080127298385297700000
6.2338,935,0.000000000080906073423599700000
6.23404,5,0.000000000000432652799056683000
6.23421,924,0.000000000079954237265675000000
6.23965,929,0.000000000080386890064731700000
6.24908,9,0.000000000000778775038302029000
6.24995,930,0.000000000080473420624543000000
6.25941,1,0.000000000000086530559811336600
6.26261,926,0.000000000080127298385297700000
6.26407,926,0.000000000080127298385297700000
6.26681,926,0.000000000080127298385297700000
6.27284,939,0.000000000081252195662845000000
6.27769,10,0.000000000000865305598113366000
6.28108,940,0.000000000081338726222656400000
6.28173,7,0.000000000000605713918679356000
6.28237,924,0.000000000079954237265675000000
6.28521,926,0.000000000080127298385297700000
6.28604,926,0.000000000080127298385297700000
6.29897,934,0.000000000080819542863788400000
6.30247,924,0.000000000079954237265675000000
6.30408,936,0.000000000080992603983411000000
6.30435,925,0.000000000080040767825486300000
6.3057,928,0.000000000080300359504920300000
6.30764,939,0.000000000081252195662845000000
6.3109,939,0.000000000081252195662845000000
6.31135,940,0.000000000081338726222656400000
6.31243,929,0.000000000080386890064731700000
6.31297,924,0.000000000079954237265675000000
6.31308,939,0.000000000081252195662845000000
6.31716,938,0.000000000081165665103033700000
6.31835,936,0.000000000080992603983411000000
6.32374,928,0.000000000080300359504920300000
6.33047,940,0.000000000081338726222656400000
6.33101,10,0.000000000000865305598113366000
6.3373,924,0.000000000079954237265675000000
6.33945,1,0.000000000000086530559811336600
6.34178,926,0.000000000080127298385297700000
6.34784,928,0.000000000080300359504920300000
6.34968,1,0.000000000000086530559811336600
6.35067,934,0.000000000080819542863788400000
6.35089,7,0.000000000000605713918679356000
6.35094,939,0.000000000081252195662845000000
6.35103,1,0.000000000000086530559811336600
6.35107,10,0.000000000000865305598113366000
6.35121,930,0.000000000080473420624543000000
6.35251,927,0.000000000080213828945109000000
6.35632,939,0.000000000081252195662845000000
6.35713,934,0.000000000080819542863788400000
6.35929,940,0.000000000081338726222656400000
6.36036,924,0.000000000079954237265675000000
6.36149,934,0.000000000080819542863788400000
6.36656,935,0.000000000080906073423599700000
6.37101,10,0.000000000000865305598113366000
6.38729,925,0.000000000080040767825486300000
6.38787,925,0.000000000080040767825486300000
6.39134,1,0.000000000000086530559811336600
6.3951,939,0.000000000081252195662845000000
6.39672,926,0.000000000080127298385297700000
6.39995,938,0.000000000081165665103033700000
6.4021,939,0.000000000081252195662845000000
6.40362,926,0.000000000080127298385297700000
6.40378,10,0.000000000000865305598113366000
6.40426,937,0.000000000081079134543222400000
6.4056,11,0.000000000000951836157924703000
6.41193,10,0.000000000000865305598113366000
6.4148,940,0.000000000081338726222656400000
6.41879,1,0.000000000000086530559811336600
6.42105,940,0.000000000081338726222656400000
6.42499,931,0.000000000080559951184354400000
6.4258,940,0.000000000081338726222656400000
6.42607,939,0.000000000081252195662845000000
6.42706,1,0.000000000000086530559811336600
6.43402,1,0.000000000000086530559811336600
6.43738,1,0.000000000000086530559811336600
6.43792,926,0.000000000080127298385297700000
6.43877,1,0.000000000000086530559811336600
6.44061,924,0.000000000079954237265675000000
6.44115,1,0.000000000000086530559811336600
6.44118,925,0.000000000080040767825486300000
6.44519,934,0.000000000080819542863788400000
6.44607,935,0.000000000080906073423599700000
6.44725,1,0.000000000000086530559811336600
6.44743,11,0.000000000000951836157924703000
6.45138,930,0.000000000080473420624543000000
6.45246,926,0.000000000080127298385297700000
6.45273,929,0.000000000080386890064731700000
6.45451,937,0.000000000081079134543222400000
6.45731,937,0.000000000081079134543222400000
6.45838,939,0.000000000081252195662845000000
6.45852,10,0.000000000000865305598113366000
6.45946,926,0.000000000080127298385297700000
6.46946,925,0.000000000080040767825486300000
6.47091,11,0.000000000000951836157924703000
6.47133,1,0.000000000000086530559811336600
6.48986,940,0.000000000081338726222656400000
6.49041,10,0.000000000000865305598113366000
6.49059,1,0.000000000000086530559811336600
6.49095,931,0.000000000080559951184354400000
6.49366,1877,0.000000000162417860765878000000
6.49449,933,0.000000000080733012303977000000
6.49636,938,0.000000000081165665103033700000
6.49716,938,0.000000000081165665103033700000
6.4977,933,0.000000000080733012303977000000
6.50187,10,0.000000000000865305598113366000
6.50241,927,0.000000000080213828945109000000
6.50327,1,0.000000000000086530559811336600
6.50605,939,0.000000000081252195662845000000
6.50793,939,0.000000000081252195662845000000
6.50901,1,0.000000000000086530559811336600
6.5117,940,0.000000000081338726222656400000
6.51224,937,0.000000000081079134543222400000
6.51494,942,0.000000000081511787342279100000
6.51547,927,0.000000000080213828945109000000
6.51601,926,0.000000000080127298385297700000
6.52194,928,0.000000000080300359504920300000
6.52544,940,0.000000000081338726222656400000
6.52652,932,0.000000000080646481744165700000
6.52739,926,0.000000000080127298385297700000
6.52759,924,0.000000000079954237265675000000
6.53271,933,0.000000000080733012303977000000
6.53338,937,0.000000000081079134543222400000
6.54186,1863,0.000000000161206432928520000000
6.54209,940,0.000000000081338726222656400000
6.54294,926,0.000000000080127298385297700000
6.54453,926,0.000000000080127298385297700000
6.54779,926,0.000000000080127298385297700000
6.55106,936,0.000000000080992603983411000000
6.55479,940,0.000000000081338726222656400000
6.56179,930,0.000000000080473420624543000000
6.56502,930,0.000000000080473420624543000000
6.56529,925,0.000000000080040767825486300000
6.56707,940,0.000000000081338726222656400000
6.56906,940,0.000000000081338726222656400000
6.57041,1855,0.000000000160514188450029000000
6.57428,939,0.000000000081252195662845000000
6.58344,927,0.000000000080213828945109000000
6.59759,1,0.000000000000086530559811336600
6.60219,927,0.000000000080213828945109000000
6.60627,936,0.000000000080992603983411000000
6.60703,939,0.000000000081252195662845000000
6.61484,928,0.000000000080300359504920300000
6.61591,939,0.000000000081252195662845000000
6.62005,1,0.000000000000086530559811336600
6.62534,934,0.000000000080819542863788400000
6.62694,10,0.000000000000865305598113366000
6.64761,936,0.000000000080992603983411000000
6.66419,940,0.000000000081338726222656400000
6.66503,926,0.000000000080127298385297700000
6.66583,931,0.000000000080559951184354400000
6.67585,939,0.000000000081252195662845000000
6.68834,1,0.000000000000086530559811336600
6.70041,10,0.000000000000865305598113366000
6.70859,930,0.000000000080473420624543000000
6.71331,933,0.000000000080733012303977000000
6.72524,932,0.000000000080646481744165700000
6.72746,938,0.000000000081165665103033700000
6.73662,931,0.000000000080559951184354400000
